id,jeba,,
1,,,Missing stop 545800010 - Čáslav místní nádr. for trip 1590001
2,,,Missing stop 545800010 - Čáslav místní nádr. for trip 1590111
3,,,Missing stop 545800010 - Čáslav místní nádr. for trip 1590221
4,,,Missing stop 545800010 - Čáslav místní nádr. for trip 1590331
5,,,Missing stop 545800010 - Čáslav místní nádr. for trip 1590441
6,,,Missing stop 545800010 - Čáslav místní nádr. for trip 1590551
7,,,Missing stop 545800010 - Čáslav místní nádr. for trip 1590661
8,,,Missing stop 545800010 - Čáslav místní nádr. for trip 1590771
9,,,Missing stop 545800010 - Čáslav místní nádr. for trip 1590881
10,,,Missing stop 545800010 - Čáslav místní nádr. for trip 1590991
11,,,Missing stop 545800010 - Čáslav místní nádr. for trip 1591001
12,,,Missing stop 545800010 - Čáslav místní nádr. for trip 1591111
13,,,Missing stop 545800010 - Čáslav místní nádr. for trip 1591221
14,,,Missing stop 545800010 - Čáslav místní nádr. for trip 1591331
15,,,Missing stop 545800010 - Čáslav místní nádr. for trip 1591441
16,,,Missing stop 545800010 - Čáslav místní nádr. for trip 1591551
17,,,Missing stop 545800010 - Čáslav místní nádr. for trip 1591661
18,,,Missing stop 545800010 - Čáslav místní nádr. for trip 1591771
19,,,Missing stop 545800010 - Čáslav místní nádr. for trip 1591881
20,,,Missing stop 545800010 - Čáslav místní nádr. for trip 1591991
21,,,Missing stop 545800010 - Čáslav místní nádr. for trip 1592001
22,,,Missing stop 545800010 - Čáslav místní nádr. for trip 1592111
23,,,Missing stop 545800010 - Čáslav místní nádr. for trip 1592221
24,,,Missing stop 545800010 - Čáslav místní nádr. for trip 1592331
25,,,Missing stop 545800010 - Čáslav místní nádr. for trip 1592441
26,,,Missing stop 545800010 - Čáslav místní nádr. for trip 1592551
27,,,Missing stop 545800010 - Čáslav místní nádr. for trip 1592661
28,,,Missing stop 545800010 - Čáslav místní nádr. for trip 1592771
29,,,Missing stop 545800010 - Čáslav místní nádr. for trip 1592881
30,,,Missing stop 545800010 - Čáslav místní nádr. for trip 1592991
31,,,Missing stop 545800010 - Čáslav místní nádr. for trip 1593111
32,,,
33,,,
34,,,
35,,,
36,,,
37,,,
38,,,
39,,,
40,,,
41,,,
42,,,
43,,,
44,,,
45,,,
46,,,
47,,,
48,,,
49,,,
50,,,
51,,,
52,,,
53,,,
54,,,
55,,,
56,,,
57,,,
58,,,
59,,,
60,,,
61,,,
62,,,
63,,,
64,,,
65,,,
66,,,
67,,,
68,,,
69,,,
70,,,
71,,,
72,,,
73,,,
74,,,
75,,,
76,,,
77,,,
78,,,
79,,,
80,,,
81,,,
82,,,
83,,,
84,,,
85,,,
86,,,
87,,,
88,,,
89,,,
90,,,
91,,,
92,,,
93,,,
94,,,
95,,,
96,,,
97,,,
98,,,
99,,,
100,,,
101,,,
102,,,
103,,,
104,,,
105,,,
106,,,
107,,,
108,,,
109,,,
110,,,
111,,,
112,,,
113,,,
114,,,
